<template xmlns="http://ws.apache.org/ns/synapse" name="createIssue">
    <parameter name="projectKey" description="a String containing the name of the project" />
    <parameter name="summary" description="a String containing the summary about the issue" />
    <parameter name="description" description="a String containing the description of the issue" />
    <parameter name="issueType" description="a String containing the issue type" />

	<sequence>
        <payloadFactory media-type="json">
            <format>{
                "fields": {
                "project":
                {
                "key": "$1"
                },
                "summary": "$2",
                "description": "$3",
                "issuetype": {
                "name": "$4"
                }
                }
                }
            </format>
            <args>
                <arg evaluator="xml" expression="$func:projectKey"/>
                <arg evaluator="xml" expression="$func:summary"/>
                <arg evaluator="xml" expression="$func:description"/>
                <arg evaluator="xml" expression="$func:issueType"/>
            </args>
        </payloadFactory>

        <property name="messageType" value="application/json" scope="axis2" />
		<property name="Accept-Encoding" action="remove" scope="transport" />

		<call>
			<endpoint>
				<http method="POST"
					uri-template="{uri.var.jira.url}/rest/api/2/issue" />
			</endpoint>
		</call>
	</sequence>
</template>
