<template xmlns="http://ws.apache.org/ns/synapse" name="doTransition">

	<parameter name="issueIdOrKey" description="a String containing the issue id." />
    <parameter name="updateComment" description="a String containing the comment to be updated" />
    <parameter name="updateAssignee" description="a String containing the assignee name to be updated" />
    <parameter name="resolution" description="a String containing the resolution type" />
    <parameter name="transitionId" description="a String containing the transition Id" />

	<sequence>

        <payloadFactory media-type="json">
            <format> {
                "update": {
                "comment": [
                {
                "add": {
                "body": "$1"
                }
                }
                ]
                },
                "fields": {
                "assignee": {
                "name": "$2"
                },
                "resolution": {
                "name": "$3"
                }
                },
                "transition": {
                "id": "$4"
                }
                }
            </format>
            <args>
                <arg evaluator="xml" expression="$func:updateComment"/>
                <arg evaluator="xml" expression="$func:updateAssignee"/>
                <arg evaluator="xml" expression="$func:resolution"/>
                <arg evaluator="xml" expression="$func:transitionId"/>
            </args>
        </payloadFactory>
        <property name="uri.var.issueId" expression="$func:issueIdOrKey" />
		<property name="messageType" value="application/json" scope="axis2" />
		<property name="Accept-Encoding" action="remove" scope="transport" />

		<call>
			<endpoint>
				<http method="post"
					uri-template="{uri.var.jira.url}/rest/api/2/issue/{uri.var.issueId}/transitions?expand=transitions.fields" />
			</endpoint>
		</call>
	</sequence>

</template>




