<template xmlns="http://ws.apache.org/ns/synapse" name="getIssue">

	<parameter name="issueIdOrKey" description="a String containing the issue id." />

	<sequence>
		<property name="uri.var.issueId" expression="$func:issueIdOrKey" />
		
		<property name="Accept-Encoding" action="remove" scope="transport" />
  	    <payloadFactory media-type="xml">
            <format>
               <soapenv:Envelope xmlns:soapenv="http://schemas.xmlsoap.org/soap/envelope/">
                  <soapenv:Header/>
                  <soapenv:Body/>
               </soapenv:Envelope>
            </format>
            <args/>
         </payloadFactory>
         
        <property name="messageType" value="application/json" scope="axis2" />
		<call>
			<endpoint>
				<http method="get"
					uri-template="{uri.var.jira.url}/rest/api/2/issue/{uri.var.issueId}" />
			</endpoint>
		</call>

	</sequence>

</template>
