<template xmlns="http://ws.apache.org/ns/synapse" name="getIssueTypeById">

	<parameter name="issueTypeId" description="a String containing the issue type id." />

	<sequence>
		<property name="uri.var.issueTypeId" expression="$func:issueTypeId" />
		<property name="Accept-Encoding" action="remove" scope="transport" />
		<payloadFactory media-type="xml">
			<format>
				<soapenv:Envelope xmlns:soapenv="http://schemas.xmlsoap.org/soap/envelope/">
					<soapenv:Header />
					<soapenv:Body />
				</soapenv:Envelope>
			</format>
			<args />
		</payloadFactory>
		<property name="messageType" value="application/json" scope="axis2" />

		<call>
			<endpoint>
				<http method="get"
					uri-template="{uri.var.jira.url}/rest/api/2/issuetype/{uri.var.issueTypeId}" />
			</endpoint>
		</call>

	</sequence>

</template>