<?xml version="1.0" encoding="UTF-8"?>
<template name="updateApplication" xmlns="http://ws.apache.org/ns/synapse">
    <!-- Mandatory parameter-->
    <parameter name="applicationSid"/>
    <!-- optional parameters. For more information, refer http://www.twilio.com/docs/api/rest/applications#instance-post-optional-parameters -->
    <parameter name="friendlyName"/>
    <parameter name="apiVersion"/>
    <parameter name="voiceUrl"/>
    <parameter name="voiceMethod"/>
    <parameter name="voiceFallbackUrl"/>
    <parameter name="voiceFallbackMethod"/>
    <parameter name="statusCallback"/>
    <parameter name="statusCallbackMethod"/>
    <parameter name="voiceCallerIdLookup"/>
    <parameter name="smsUrl"/>
    <parameter name="smsMethod"/>
    <parameter name="smsFallbackUrl"/>
    <parameter name="smsFallbackMethod"/>
    <parameter name="smsStatusCallback"/>
    <sequence>
        <class name="org.wso2.carbon.connector.twilio.application.updateApplication"/>
    </sequence>
</template>
