<?xml version="1.0" encoding="UTF-8"?>
<template xmlns="http://ws.apache.org/ns/synapse" name="getUserDetails">
    <parameter name="userId"/>


      <sequence>
        <property name="HTTP_METHOD" value="GET" scope="axis2" type="STRING"/>
        <property name="uri.var.userId" expression="$func:userId" scope="default" type="STRING"/>
        <property name="Accept-Encoding" scope="transport" action="remove"/>
        <property name="messageType" value="application/json" scope="axis2" type="STRING"/>
       <!-- <property name="uri.var.accessToken" expression="$func:accessToken" scope="transport" type="STRING"/>-->


        <payloadFactory media-type="json">
            <format>
                <soapenv:Envelope xmlns:soapenv="http://schemas.xmlsoap.org/soap/envelope/">
                    <soapenv:Header/>
                    <soapenv:Body/>
                </soapenv:Envelope>
            </format>
            <args/>
        </payloadFactory>
        <property name="messageType" value="application/json" scope="axis2" />
        <call>
            <endpoint>
                <http method="GET"
                      uri-template="{uri.var.foursquare.apiUrl}/v2/users/{uri.var.userId}?v=20140626&amp;oauth_token={uri.var.foursquare.accessToken}" />
            </endpoint>
        </call>
    </sequence>
</template>
