<?xml version="1.0" encoding="UTF-8"?>
<component name="twilio-cloud-connector-queue" type="synapse/template">

    <subComponents>
        <!-- Queues -->
        <component name="getQueue">
            <file>getQueue.xml</file>
            <description>Retrieve a call queue as represented by an SID</description>
        </component>
        <component name="updateQueue">
            <file>updateQueue.xml</file>
            <description>Retrieve a call queue as represented by an SID and update its parameters</description>
        </component>
        <component name="getQueueList">
            <file>getQueueList.xml</file>
            <description>Retrieve the list of queues from the specified account</description>
        </component>
        <component name="createQueue">
            <file>createQueue.xml</file>
            <description>Create a new queue instance and add it to the current account's list of queues</description>
        </component>
        <component name="getMember">
            <file>getMember.xml</file>
            <description>Retrieve a member instance from a queue</description>
        </component>
        <component name="dequeueMember">
            <file>dequeueMember.xml</file>
            <description>Dequeue a member instance from a queue</description>
        </component>
        <component name="getMemberList">
            <file>getMemberList.xml</file>
            <description>Retrieve a list of member instance from a queue</description>
        </component>
    </subComponents>
    
</component>
