<?xml version="1.0" encoding="UTF-8"?>
<component name="sugarcrm_document" type="synapse/template">
  <subComponents>
    <component name="getDocumentRevision">
      <file>getDocumentRevision.xml</file>
      <description>Retrieves a specific document revision.</description>
    </component>
    <component name="setDocumentRevision">
      <file>setDocumentRevision.xml</file>
      <description>Creates a new document revision for a specific document record.</description>
    </component>
  </subComponents>
</component>