<template name="getDocumentRevision" xmlns="http://ws.apache.org/ns/synapse">
	
  	<parameter name="session" description="The session id"/>
  	<parameter name="id" description="The ID of the document revision"/>
  	
  	<sequence>
  		
	    <property name="uri.var.session" expression="$func:session"/>
	    <property name="uri.var.id" expression="$func:id"/>
	    
	    <payloadFactory>
	      
	      	<format>
	        	<sug:get_document_revision xmlns:sug="http://www.sugarcrm.com/sugarcrm">
	          		<sug:session>$1</sug:session>
	          		<sug:i>$2</sug:i>
	        	</sug:get_document_revision>
	      	</format>
	      	
	      	<args>
	      		<arg expression="get-property('uri.var.session')"/>
	      		<arg expression="get-property('uri.var.id')"/>
	      	</args>
	      	
	    </payloadFactory>
	    
	    <header name="To" expression="get-property('uri.var.sugarCRMurl')"/>
	    
	    <call>
			<endpoint>
				<default format="soap11"/>
			</endpoint>
		</call>
	    
  	</sequence>
  	
</template>