<template name="setDocumentRevision" xmlns="http://ws.apache.org/ns/synapse">
	
  	<parameter name="session" description="The session id"/>
  	<parameter name="noteId" description="The ID of the note record to associate the attachment to"/>
  	<parameter name="fileContent" description="The binary contents of the file"/>
  	<parameter name="fileName" description="The file name of the file attachment"/>
  	<parameter name="revision" description="The revision number"/>
  	
  	<sequence>
  	
	    <property name="uri.var.session" expression="$func:session"/>
	    <property name="uri.var.noteId" expression="$func:noteId"/>
	    <property name="uri.var.fileContent" expression="$func:fileContent"/>
	    <property name="uri.var.fileName" expression="$func:fileName"/>
	    <property name="uri.var.revision" expression="$func:revision"/>
	    
	    <payloadFactory>
	    	
	    	<format>
	        	<sug:set_document_revision xmlns:sug="http://www.sugarcrm.com/sugarcrm">
	          		<sug:session>$1</sug:session>
	          		<sug:note>
	          			<sug:id>$2</sug:id>
	          			<sug:file>$3</sug:file>
	          			<sug:filename>$4</sug:filename>
	          			<sug:revision>$5</sug:revision>
	          		</sug:note>
	        	</sug:set_document_revision>
	      	</format>
	      	
	      	<args>
	      		<arg expression="get-property('uri.var.session')"/>
	      		<arg expression="get-property('uri.var.noteId')"/>
	      		<arg expression="get-property('uri.var.fileContent')"/>
	      		<arg expression="get-property('uri.var.fileName')"/>
	      		<arg expression="get-property('uri.var.revision')"/>
	      	</args>
	    	
	    </payloadFactory>
	    
	    <header name="To" expression="get-property('uri.var.sugarCRMurl')"/>
	    
	    <call>
			<endpoint>
				<default format="soap11"/>
			</endpoint>
		</call>
	    
  	</sequence>
  	
</template>