<?xml version="1.0" encoding="UTF-8"?>
<connector>
	<component name="evernote" package="org.wso2.carbon.connector">
		<dependency component="evernote-cloud-connector-account" />
		<dependency component="evernote-cloud-connector-note" />
        <dependency component="evernote-cloud-connector-tag" />
        <dependency component="evernote-cloud-connector-search"/>
        <dependency component="evernote-cloud-connector-notebook"/>
		<description>Evernote Cloud Connector</description>
	</component>
</connector>