<?xml version="1.0" encoding="UTF-8"?>
<!--
  Copyright (c) 2005-2014, WSO2 Inc. (http://www.wso2.org) All Rights Reserved.

  WSO2 Inc. licenses this file to you under the Apache License,
  Version 2.0 (the "License"); you may not use this file except
  in compliance with the License.
  You may obtain a copy of the License at

    http://www.apache.org/licenses/LICENSE-2.0

  Unless required by applicable law or agreed to in writing,
  software distributed under the License is distributed on an
  "AS IS" BASIS, WITHOUT WARRANTIES OR CONDITIONS OF ANY
  KIND, either express or implied.  See the License for the
  specific language governing permissions and limitations
  under the License.-->

<component name="soundcloud_tracks" type="synapse/template">
    <subComponents>
        <component name="getTracks">
            <file>getTracks.xml</file>
            <description>Get all tracks</description>
        </component>
        <component name="getTrackById">
            <file>getTrackById.xml</file>
            <description>Get soundcloud track information by track Id</description>
        </component>
        <component name="getCommentsByIdOfTrack">
            <file>getCommentsByIdOfTrack.xml</file>
            <description>Get Comments of a soundcloud track by track Id</description>
        </component>
        <component name="getCommentOfTrack">
            <file>getCommentOfTrack.xml</file>
            <description>Get comment of a given track Id by a given comment Id</description>
        </component>
        <component name="getFavoritersByIdOfTrack">
            <file>getFavoritersByIdOfTrack.xml</file>
            <description>Get favoriters of the track by track Id</description>
        </component>
        <component name="updateTrack">
            <file>updateTrack.xml</file>
            <description>Update track information (title, description and sharing)</description>
        </component>
        <component name="deleteTrack">
            <file>deleteTrack.xml</file>
            <description>Deleting a track of the own account</description>
        </component>
        <component name="deleteCommentOfTrack">
            <file>deleteCommentOfTrack.xml</file>
            <description>Deleting a comment of a track of the own account</description>
        </component>
    </subComponents>
</component>
