<!--
  Copyright (c) 2005-2014, WSO2 Inc. (http://www.wso2.org) All Rights Reserved.

  WSO2 Inc. licenses this file to you under the Apache License,
  Version 2.0 (the "License"); you may not use this file except
  in compliance with the License.
  You may obtain a copy of the License at

    http://www.apache.org/licenses/LICENSE-2.0

  Unless required by applicable law or agreed to in writing,
  software distributed under the License is distributed on an
  "AS IS" BASIS, WITHOUT WARRANTIES OR CONDITIONS OF ANY
  KIND, either express or implied.  See the License for the
  specific language governing permissions and limitations
  under the License.-->

<template name="updateTrack" xmlns="http://ws.apache.org/ns/synapse">

    <parameter name="trackId" description="track id for the given track"></parameter>
    <parameter name="title"
               description="title of the track"/>

    <parameter name="description" description="description of the track"/>
    <parameter name="sharing" description="private or public sharing"/>


    <sequence>
        <property name="uri.var.soundcloud.trackId" expression="$func:trackId"/>
        <property name="uri.var.soundcloud.title" expression="$func:title"/>
        <property name="uri.var.soundcloud.description" expression="$func:description"/>
        <property name="uri.var.soundcloud.sharing" expression="$func:sharing"/>

        <property name="uri.var.soundcloud.query" value=""/>

        <property name="Accept-Encoding" scope="transport" action="remove"/>


        <filter
                xpath="not(get-property('uri.var.soundcloud.title') = '' or not(string(get-property('uri.var.soundcloud.title'))))">
            <then>
                <property name="uri.var.soundcloud.query"
                          expression="fn:concat(get-property('uri.var.soundcloud.query'),'&amp;track[title]=',get-property('uri.var.soundcloud.title'))"/>
            </then>

        </filter>

        <filter
                xpath="not(get-property('uri.var.soundcloud.description') = '' or not(string(get-property('uri.var.soundcloud.description'))))">
            <then>
                <property name="uri.var.soundcloud.query"
                          expression="fn:concat(get-property('uri.var.soundcloud.query'),'&amp;track[description]=',get-property('uri.var.soundcloud.description'))"/>
            </then>

        </filter>

        <filter
                xpath="not(get-property('uri.var.soundcloud.sharing') = '' or not(string(get-property('uri.var.soundcloud.sharing'))))">
            <then>
                <property name="uri.var.soundcloud.query"
                          expression="fn:concat(get-property('uri.var.soundcloud.query'),'&amp;track[sharing]=',get-property('uri.var.soundcloud.sharing'))"/>
            </then>

        </filter>



        <call>

            <endpoint>
                <http method="PUT"
                      uri-template="{uri.var.soundcloud.urlHttps}/tracks/{uri.var.soundcloud.trackId}.json?oauth_token={uri.var.soundcloud.token}{uri.var.soundcloud.query}"/>
            </endpoint>
        </call>
<property name="messageType" value="application/json" scope="axis2" type="STRING"/>

    </sequence>

</template>