<?xml version="1.0" encoding="UTF-8"?>
<template name="getCallList" xmlns="http://ws.apache.org/ns/synapse">
    <!--Optional parameters.
        See http://www.twilio.com/docs/api/rest/call#list-get-filters for full specification and allowed values.
    -->
    <parameter name="to"/>
    <parameter name="from"/>
    <parameter name="status"/>
    <parameter name="startTime"/>
    <parameter name="parentCallSid"/>
    <sequence>
        <class name="org.wso2.carbon.connector.twilio.call.GetCallList"/>
    </sequence>
</template>
