<?xml version="1.0" encoding="UTF-8"?>
<template name="findNotesMetaData" xmlns="http://ws.apache.org/ns/synapse">
    <parameter name="ascending"/>
    <parameter name="notebookGuid"/>
    <parameter name="words"/>
    <parameter name="inactive"/>
    <parameter name="emphasized"/>
    <parameter name="offset"/>
    <parameter name="maxNotes"/>
    <parameter name="includeTitle"/>
    <parameter name="includeContentLength"/>
    <parameter name="includeCreated"/>
    <parameter name="includeUpdated"/>
    <parameter name="includeDeleted"/>
    <parameter name="includeUpdateSequenceNum"/>
    <parameter name="includeNotebookGuid"/>
    <parameter name="includeTagGuids"/>
    <parameter name="includeAttributes"/>
    <parameter name="includeLargestResourceMime"/>
    <sequence>
        <class name="org.wso2.carbon.connector.evernote.note.FindNotesMetaData"/>
    </sequence>
</template>