<?xml version="1.0" encoding="UTF-8"?>
<component name="jira_user" type="synapse/template">
	<subComponents>
		<component name="getUser">
			<file>getUser.xml</file>
			<description>Get Jira user information</description>
		</component>
		<component name="getUserPermissions">
			<file>getUserPermissions.xml</file>
			<description>Get permissions granted for current user</description>
		</component>
		<component name="searchAssignableUser">
			<file>searchAssignableUser.xml</file>
			<description>Returns a list of assignable users that match the given issue.</description>
		</component>
		<component name="searchAssignableUserMultiProject">
			<file>searchAssignableUserMultiProject.xml</file>
			<description>Returns a list of users that match the search string and can be assigned issues for all the given projects</description>
		</component>
		<component name="searchIssueViewableUsers">
			<file>searchIssueViewableUsers.xml</file>
			<description>Given an issue key this resource will provide a list of users that match the search string and have the browse issue permission for the issue provided.</description>
		</component>
		<component name="searchUser">
			<file>searchUser.xml</file>
			<description>Get Jira user information</description>
		</component>
		
	</subComponents>
</component>
