<template xmlns="http://ws.apache.org/ns/synapse" name="getUser">
	<parameter name="username"
		description="the username of the user for whom we require details" />

	<sequence>
		<property name="uri.var.username" expression="$func:username" />

		<property name="Accept-Encoding" action="remove" scope="transport" />
		<payloadFactory media-type="xml">
			<format>
				<soapenv:Envelope xmlns:soapenv="http://schemas.xmlsoap.org/soap/envelope/">
					<soapenv:Header />
					<soapenv:Body />
				</soapenv:Envelope>
			</format>
			<args />
		</payloadFactory>
		<property name="messageType" value="application/json" scope="axis2" />
		<call>
			<endpoint>
				<http method="get"
					uri-template="{uri.var.jira.url}/rest/api/2/user?username={uri.var.username}" />
			</endpoint>
		</call>

	</sequence>
</template>
