<template xmlns="http://ws.apache.org/ns/synapse" name="getUserPermissions">
	<parameter name="projectKey"
		description="key of project to scope returned permissions for." />
	<parameter name="projectId"
		description="id of project to scope returned permissions for." />
	<parameter name="issueKey"
		description="key of the issue to scope returned permissions for." />
	<parameter name="issueId"
		description="id of the issue to scope returned permissions for." />


	<sequence>
		<property name="uri.var.projectKey" expression="$func:projectKey" />
		<property name="uri.var.projectId" expression="$func:projectId" />
		<property name="uri.var.issueKey" expression="$func:issueKey" />
		<property name="uri.var.issueId" expression="$func:issueId" />

		<property name="Accept-Encoding" action="remove" scope="transport" />
		<payloadFactory media-type="xml">
			<format>
				<soapenv:Envelope xmlns:soapenv="http://schemas.xmlsoap.org/soap/envelope/">
					<soapenv:Header />
					<soapenv:Body />
				</soapenv:Envelope>
			</format>
			<args />
		</payloadFactory>

		<property name="messageType" value="application/json" scope="axis2" />
		<call>
			<endpoint>
				<http method="get"
					uri-template="{uri.var.jira.url}/rest/api/2/mypermissions?projectKey={uri.var.projectKey}&amp;projectId={uri.var.projectId}&amp;issueKey={uri.var.issueKey}&amp;issueId={uri.var.issueId}" />
			</endpoint>
		</call>

	</sequence>
</template>