<template xmlns="http://ws.apache.org/ns/synapse" name="searchIssueViewableUsers">
	<parameter name="username"
		description="the username of the user for whom we require details" />
	<parameter name="issueKey"
		description="the issue key for the issue being edited we need to find assignable users for." />
	<parameter name="projectKey"
		description="the key of the project we are finding assignable users for" />
	<parameter name="startAt"
		description="the index of the first user to return (0-based)" />
	<parameter name="maxResults"
		desciption="the maximum number of users to return (defaults to 50). The maximum allowed value is 1000. If you specify a value that is higher than this number, your search results will be truncated." />


	<sequence>
		<property name="uri.var.username" expression="$func:username" />
		<property name="uri.var.issueKey" expression="$func:issueKey" />
		<property name="uri.var.projectKey" expression="$func:projectKey" />
		<property name="uri.var.startAt" expression="$func:startAt" />
		<property name="uri.var.maxResults" expression="$func:maxResults" />

		<property name="Accept-Encoding" action="remove" scope="transport" />
		<payloadFactory media-type="xml">
			<format>
				<soapenv:Envelope xmlns:soapenv="http://schemas.xmlsoap.org/soap/envelope/">
					<soapenv:Header />
					<soapenv:Body />
				</soapenv:Envelope>
			</format>
			<args />
		</payloadFactory>

		<property name="messageType" value="application/json" scope="axis2" />
		<call>
			<endpoint>
				<http method="get"
					uri-template="{uri.var.jira.url}/rest/api/2/user/viewissue/search?username={uri.var.username}&amp;issueKey={uri.var.issueKey}&amp;projectKey={uri.var.projectKey}&amp;startAt={uri.var.startAt}&amp;maxResults={uri.var.maxResults}" />
			</endpoint>
		</call>

	</sequence>
</template>
