<template xmlns="http://ws.apache.org/ns/synapse" name="searchUser">
	<parameter name="username"
		description="the username of the user for whom we require details" />
	<parameter name="startAt"
		description="the index of the first user to return (0-based)" />
	<parameter name="maxResults"
		desciption="the maximum number of users to return (defaults to 50). The maximum allowed value is 1000. If you specify a value that is higher than this number, your search results will be truncated." />
	<parameter name="includeActive"
		description="If true, then active users are included in the results (default true)" />
	<parameter name="includeInactive"
		description="If true, then inactive users are included in the results (default false)" />

	<sequence>
		<property name="uri.var.username" expression="$func:username" />
		<property name="uri.var.startAt" expression="$func:startAt" />
		<property name="uri.var.maxResults" expression="$func:maxResults" />
		<property name="uri.var.includeActive" expression="$func:includeActive" />
		<property name="uri.var.includeInactive" expression="$func:includeInactive" />

		<property name="Accept-Encoding" action="remove" scope="transport" />
		<payloadFactory media-type="xml">
			<format>
				<soapenv:Envelope xmlns:soapenv="http://schemas.xmlsoap.org/soap/envelope/">
					<soapenv:Header />
					<soapenv:Body />
				</soapenv:Envelope>
			</format>
			<args />
		</payloadFactory>

		<property name="messageType" value="application/json" scope="axis2" />

		<call>
			<endpoint>
				<http method="get"
					uri-template="{uri.var.jira.url}/rest/api/2/user/search?username={uri.var.username}&amp;startAt={uri.var.startAt}&amp;maxResults={uri.var.maxResults}&amp;includeActive={uri.var.includeActive}&amp;includeInactive={uri.var.includeInactive}" />
			</endpoint>
		</call>

	</sequence>
</template>
