<template name="getRecordCountForModule" xmlns="http://ws.apache.org/ns/synapse">
  
  <parameter name="session" description="Session ID returned by a previous login call"/>
  <parameter name="modulename" description="The name of the module from which to retrieve records"/>
  <parameter name="query" description="The SQL WHERE clause without the word (where)"/>
  <parameter name="deleted" description="If deleted records should be included in the results"/>
  
  <sequence>
  
    <property name="uri.var.session" expression="$func:session"/>
    <property name="uri.var.modulename" expression="$func:modulename"/>
    <property name="uri.var.query" expression="$func:query"/>
    <property name="uri.var.deleted" expression="$func:deleted"/>
    
    <payloadFactory>
    
      <format>
    
        <sug:get_entries_count xmlns:sug="http://www.sugarcrm.com/sugarcrm">
		         <sug:session>$1</sug:session>
		         <sug:module_name>$2</sug:module_name>
		         <sug:query>$3</sug:query>
		         <sug:deleted>$4</sug:deleted>			         
		  </sug:get_entries_count>   
       
      </format>
    
      <args>
      	   <arg expression="get-property('uri.var.session')"/>
           <arg expression="get-property('uri.var.modulename')"/>
           <arg expression="get-property('uri.var.query')"/>
           <arg expression="get-property('uri.var.deleted')"/>
      </args> 
    
    </payloadFactory>
    
    <header name="To" expression="get-property('uri.var.sugarCRMurl')"/>
	    
    <call>
		<endpoint>
			<default format="soap11"/>
		</endpoint>
	</call>
  
  </sequence>
</template>