<?xml version="1.0" encoding="UTF-8"?>
<component name="googledrive_file" type="synapse/template">
	<subComponents>
		<component name="updateFile">
			<file>updateFile.xml</file>
			<description>Adds new content to a file</description>
		</component>
		<component name="patchFile">
			<file>patchFile.xml</file>
			<description>Updates file metadata.</description>
		</component>
		<component name="copyFile">
			<file>copyFile.xml</file>
			<description>creates a copy of the specified file</description>
		</component>
		<component name="trashFile">
			<file>trashFile.xml</file>
			<description>moves a file to the trash</description>
		</component>
		<component name="untrashFile">
			<file>untrashFile.xml</file>
			<description>restores a file from the trash</description>
		</component>
		<component name="getFile">
			<file>getFile.xml</file>
			<description>get file metadata</description>
		</component>
		<component name="watchFile">
			<file>watchFile.xml</file>
			<description>watching for changes to a file</description>
		</component>
		<component name="listFiles">
			<file>listFiles.xml</file>
			<description>Lists the user&apos;s files.</description>
		</component>
		<component name="deleteFile">
			<file>deleteFile.xml</file>
			<description>Permanently deletes a file by ID and skips the trash.
			</description>
		</component>
		<component name="touchFile">
			<file>touchFile.xml</file>
			<description>Set the file&apos;s updated time to the current server
				time.</description>
		</component>
		<component name="insertFile">
			<file>insertFile.xml</file>
			<description>inserts a new file</description>
		</component>
</subComponents>
</component>
