<?xml version="1.0" encoding="UTF-8"?>
<template xmlns="http://ws.apache.org/ns/synapse" name="copyFile">
   <parameter name="fileId" description="The ID of the file to copy" />
   <parameter name="convert" description="Whether to convert this file to the corresponding Google Docs format." />
   <parameter name="ocr" description="Whether to attempt OCR on .jpg, .png, .gif, or .pdf uploads." />
   <parameter name="ocrLanguage" description="If ocr is true, hints at the language to use" />
   <parameter name="pinned" description="Whether to pin the new revision." />
   <parameter name="timedTextLanguage" description="The language of the timed text" />
   <parameter name="timedTextTrackName" description="The timed text track name" />
   <parameter name="visibility" description="The visibility of the new file" />
   <sequence class="sequence">

         <property name="fileId" expression="$func:fileId" />
         <property name="convert" expression="$func:convert" />
         <property name="ocr" expression="$func:ocr" />
         <property name="ocrLanguage" expression="$func:ocrLanguage" />
         <property name="pinned" expression="$func:pinned" />
         <property name="timedTextLanguage" expression="$func:timedTextLanguage" />
         <property name="timedTextTrackName" expression="$func:timedTextTrackName" />
         <property name="visibility" expression="$func:visibility" />
      
      <class name="org.wso2.carbon.connector.googledrive.GoogledriveCopyFile" />
   </sequence>
</template>