<?xml version="1.0" encoding="UTF-8"?>
<template xmlns="http://ws.apache.org/ns/synapse" name="insertFile">
   <parameter name="uploadType" description="The type of upload request to the /upload URI." />
   <parameter name="fileContent" description="Base 64 string of the contents of the file" />
   <parameter name="title" description="The title of the this file. Used to identify file or folder name." />
   <parameter name="description" description="A short description of the file." />
   <parameter name="parentId" description="The folder where the file should be inserted" />
   <parameter name="mimeType" description="The MIME type of the file. " />
   <parameter name="fileName" description="Name of the file" />
   <parameter name="convert" description="Whether to convert this file to the corresponding Google Docs format. " />
   <parameter name="ocr" description="Whether to attempt OCR on .jpg, .png, .gif, or .pdf uploads." />
   <parameter name="ocrLanguage" description="If ocr is true, hints at the language to use" />
   <parameter name="pinned" description="Whether to pin the new revision." />
   <parameter name="timedTextLanguage" description="The language of the timed text" />
   <parameter name="timedTextTrackName" description="The timed text track name" />
   <parameter name="useContentAsIndexableText" description="Whether to use the content as indexable text." />
   <parameter name="visibility" description="The visibility of the new file" />
   <sequence class="sequence">
    
         <property name="uploadType" expression="$func:uploadType" />
         <property name="fileContent" expression="$func:fileContent" />
         <property name="title" expression="$func:title" />
         <property name="description" expression="$func:description" />
         <property name="parentId" expression="$func:parentId" />
         <property name="mimeType" expression="$func:mimeType" />
         <property name="fileName" expression="$func:fileName" />
         <property name="convert" expression="$func:convert" />
         <property name="ocr" expression="$func:ocr" />
         <property name="ocrLanguage" expression="$func:ocrLanguage" />
         <property name="pinned" expression="$func:pinned" />
         <property name="timedTextLanguage" expression="$func:timedTextLanguage" />
         <property name="timedTextTrackName" expression="$func:timedTextTrackName" />
         <property name="useContentAsIndexableText" expression="$func:useContentAsIndexableText" />
         <property name="visibility" expression="$func:visibility" />
    
      <class name="org.wso2.carbon.connector.googledrive.GoogledriveInsertFile" />
   </sequence>
</template>