<template name="listFiles" xmlns="http://ws.apache.org/ns/synapse">
  <parameter name="maxResults" description="Maximum number of files to return"/>
  <parameter name="pageToken" description="Page token for files"/>
  <parameter name="q" description="Query string for searching files"/>
  <sequence>

      <property name="maxResults" expression="$func:maxResults"/>
      <property name="pageToken" expression="$func:pageToken"/>
      <property name="q" expression="$func:q"/>
  
    <class name="org.wso2.carbon.connector.googledrive.GoogledriveListFiles"/>
  </sequence>
</template>