<template name="patchFile" xmlns="http://ws.apache.org/ns/synapse">
	<parameter name="fileId" description="The ID of the file to update" />
	<parameter name="convert" description="Whether to convert this file to the corresponding Google Docs format" />
	<parameter name="newRevision" description="Whether a blob upload should create a new revision" />
	<parameter name="ocr" description="Whether to attempt OCR" />
	<parameter name="ocrLanguage" description="If ocr is true, hints at the language to use" />
	<parameter name="pinned" description="Whether to pin the new revision" />
	<parameter name="setModifiedDate" description="Whether to set the modified date with the supplied modified date" />
	<parameter name="timedTextLanguage" description="The language of the timed text" />
	<parameter name="timedTextTrackName" description="The timed text track name" />
	<parameter name="updateViewedDate" description="Whether to update the view date after successfully updating the file" />
	<parameter name="useContentAsIndexableText" description="Whether to use the content as indexable text" />
	<parameter name="requestBody" description="Body of the request" />
	<sequence class="sequence">
	
			<property name="fileId" expression="$func:fileId" />
			<property name="convert" expression="$func:convert" />
			<property name="newRevision" expression="$func:newRevision" />
			<property name="ocr" expression="$func:ocr" />
			<property name="ocrLanguage" expression="$func:ocrLanguage" />
			<property name="pinned" expression="$func:pinned" />
			<property name="setModifiedDate" expression="$func:setModifiedDate" />
			<property name="timedTextLanguage" expression="$func:timedTextLanguage" />
			<property name="timedTextTrackName" expression="$func:timedTextTrackName" />
			<property name="updateViewedDate" expression="$func:updateViewedDate" />
			<property name="useContentAsIndexableText" expression="$func:useContentAsIndexableText" />
			<property name="requestBody" expression="$func:requestBody" />
	
		<class name="org.wso2.carbon.connector.googledrive.GoogledrivePatchFile" />
	</sequence>
</template>
