<template name="watchFile" xmlns="http://ws.apache.org/ns/synapse">
	<parameter name="fileId" description="Parameter Description 0" />
	<parameter name="channelId" description="ChannelId Description 0" />
	<parameter name="channelAddress" description=" channelAddress Description 0" />
	<parameter name="channelType" description=" channelType Description 0" />
	
	<!--  
	<parameter name="useServiceAccount" description="Whether or not to use a service account." />
	<parameter name="serviceAccountEmail" description="Service account e-mail address" />
	<parameter name="serviceAccountPKCSContent" description="Base64 encoded file content" />
	<parameter name="clientId" description="Client ID if a client account is being used" />
	<parameter name="clientSecret"
		description="Client secret if a client account is being used" />
	<parameter name="accessToken"
		description="Access Token if a client account is being used" />
	<parameter name="refreshToken"
		description="Refresh Token if a client account is being used" />
		-->
	<sequence>
		<log>
			<property name="fileId" expression="$func:fileId" />
			<property name="channelId" expression="$func:channelId" />
			<property name="channelAddress" expression="$func:channelAddress" />
			<property name="channelType" expression="$func:channelType" />
			<!--  
			<property name="useServiceAccount" expression="$func:useServiceAccount" />
			<property name="serviceAccountEmail" expression="$func:serviceAccountEmail" />
			<property name="serviceAccountPKCSContent" expression="$func:serviceAccountPKCSContent" />
			<property name="clientId" expression="$func:clientId" />
			<property name="clientSecret" expression="$func:clientSecret" />
			<property name="accessToken" expression="$func:accessToken" />
			<property name="refreshToken" expression="$func:refreshToken" />
			-->
		</log>

		<class name="org.wso2.carbon.connector.googledrive.GoogledriveWatchFile" />
	</sequence>
</template>