<?xml version="1.0" encoding="utf-8"?>
<!--
 ~ Copyright (c) 2005-2014, WSO2 Inc. (http://www.wso2.org) All Rights Reserved.
 ~
 ~ WSO2 Inc. licenses this file to you under the Apache License,
 ~ Version 2.0 (the "License"); you may not use this file except
 ~ in compliance with the License.
 ~ You may obtain a copy of the License at
 ~
 ~    http://www.apache.org/licenses/LICENSE-2.0
 ~
 ~ Unless required by applicable law or agreed to in writing,
 ~ software distributed under the License is distributed on an
 ~ "AS IS" BASIS, WITHOUT WARRANTIES OR CONDITIONS OF ANY
 ~ KIND, either express or implied.  See the License for the
 ~ specific language governing permissions and limitations
 ~ under the License.
 -->
<template xmlns="http://ws.apache.org/ns/synapse" name="init">
    <parameter name="consumerKey" description="api_key provided by the yelp." />
    <parameter name="consumerKeySecret" description="api_key_secret provided by the yelp." />
    <parameter name="accessToken" description="api_key provided by the yelp." />
    <parameter name="accessTokenSecret" description="api_key_secret provided by the yelp." />

    <sequence>
        <property name="yelp.apiUri" value="http://api.yelp.com/v2/"/>
        <property name="yelp.oauth.consumerKey" expression="$func:consumerKey" />
        <property name="yelp.oauth.consumerKeySecret" expression="$func:consumerKeySecret" />
        <property name="yelp.oauth.accessToken" expression="$func:accessToken" />
        <property name="yelp.oauth.accessTokenSecret" expression="$func:accessTokenSecret" />

        <property name="yelp.httpMethod" value="GET"/>
        <property name="yelp.oauth.nonce" value="dummynonce"/>
        <property name="yelp.oauth.timestamp" value="dummytimestamp"/>
    </sequence>
</template>