<template xmlns="http://ws.apache.org/ns/synapse" name="showStatus">
    <parameter name="id" />
	<sequence>
		<property name="Authorization"
			expression="fn:concat('bearer ', get-property('operation','twitter.accessToken'))"
			scope="transport" />
		
		<property name="uri.var.twitter.status.id" expression="$func:id" />

		<property name="messageType" value="application/x-www-form-urlencoded"
			scope="axis2" />

		<call>
			<endpoint>
				<http method="GET"
					uri-template="https://api.twitter.com/1.1/statuses/show.json?id={uri.var.twitter.status.id}" />
			</endpoint>
		</call>

	</sequence>
</template>	
