<template name="listChangesForUser" xmlns="http://ws.apache.org/ns/synapse">
  <parameter name="includeDeleted" description="Whether to include deleted items"/>
  <parameter name="includeSubscribed" description="Whether to include shared files and public files the user has opened"/>
  <parameter name="maxResults" description="Maximum number of changes to return"/>
  <parameter name="pageToken" description="Page token for changes"/>
  <parameter name="startChangeId" description="Change ID to start listing changes from"/>
  <sequence class="sequence">
    <log>
      <property name="includeDeleted" expression="$func:includeDeleted"/>
      <property name="includeSubscribed" expression="$func:includeSubscribed"/>
      <property name="maxResults" expression="$func:maxResults"/>
      <property name="pageToken" expression="$func:pageToken"/>
      <property name="startChangeId" expression="$func:startChangeId"/>
    </log>
    <class name="org.wso2.carbon.connector.googledrive.GoogledriveListChangesForUser"/>
  </sequence>
</template>