<?xml version="1.0" encoding="UTF-8"?>
<template name="updateNote" xmlns="http://ws.apache.org/ns/synapse">
    <parameter name="noteGuid"/>
    <parameter name="title"/>
    <parameter name="content"/>
    <parameter name="notebookGuid"/>
    <parameter name="sourceURL"/>
    <parameter name="mime"/>
    <parameter name="fileName"/>
    <parameter name="active"/>
    <parameter name="tagName"/>
    <sequence>
        <class name="org.wso2.carbon.connector.evernote.note.UpdateNote"/>
    </sequence>
</template>