<?xml version="1.0" encoding="UTF-8"?>
<component name="fourSq_user" type="synapse/template">
    <subComponents>
        <component name="getUserDetails">
            <file>getUserDetails.xml</file>
            <description>Returns profile information</description>
        </component>
        <component name="getFriendDetails">
            <file>getFriendDetails.xml</file>
            <description>get the friends list</description>
        </component>
        <component name="getBadgeDetails">
            <file>getBadgeDetails.xml</file>
            <description>get the user badges</description>
        </component>
        <component name="getMayorshipDetails">
            <file>getMayorshipDetails.xml</file>
            <description>get the mayorships list</description>
        </component>
        <component name="getUserCheckinDetails">
            <file>getUserCheckinDetails.xml</file>
            <description>get the checkins list</description>
        </component>
        <component name="getTipsDetails">
            <file>getTipsDetails.xml</file>
            <description>get the Tips list</description>
        </component>
        <component name="approveFriends">
            <file>approveFriends.xml</file>
            <description>approve the friend request</description>
        </component>
        <component name="unFriends">
            <file>unFriends.xml</file>
            <description>unfriend a friend from the friends list</description>
        </component>
        <component name="updateProfilePhoto">
            <file>updateProfilePhoto.xml</file>
            <description>Update User Profile Photo</description>
        </component>
    </subComponents>
</component>