<template xmlns="http://ws.apache.org/ns/synapse" name="updateFilterById">
    
    <parameter name="filterId" description="a String containing the filter id." />
	<sequence>
		<property name="uri.var.filterId" expression="$func:filterId" />
		<property name="messageType" value="application/json" scope="axis2" />
		<property name="Accept-Encoding" action="remove" scope="transport" />

		<call>
			<endpoint>
				<http method="PUT"
					uri-template="{uri.var.jira.url}/rest/api/2/filter/{uri.var.filterId}" />
			</endpoint>
		</call>
	</sequence>
</template>