<!--
  Copyright (c) 2005-2014, WSO2 Inc. (http://www.wso2.org) All Rights Reserved.

  WSO2 Inc. licenses this file to you under the Apache License,
  Version 2.0 (the "License"); you may not use this file except
  in compliance with the License.
  You may obtain a copy of the License at

    http://www.apache.org/licenses/LICENSE-2.0

  Unless required by applicable law or agreed to in writing,
  software distributed under the License is distributed on an
  "AS IS" BASIS, WITHOUT WARRANTIES OR CONDITIONS OF ANY
  KIND, either express or implied.  See the License for the
  specific language governing permissions and limitations
  under the License.-->

<template xmlns="http://ws.apache.org/ns/synapse" name="resolveUser">

    <parameter name="permalinkOfUser" description="permalink of the user"></parameter>

    <sequence>
        <property name="uri.var.soundcloud.permalinkOfUser" expression="$func:permalinkOfUser" />

        <property name="Accept-Encoding" scope="transport" action="remove"/>

        <call>
            <endpoint>
                <http method="get"
                      uri-template="{uri.var.soundcloud.urlHttp}/resolve.json?url={uri.var.soundcloud.urlSite}/{uri.var.soundcloud.permalinkOfUser}&amp;client_id={uri.var.soundcloud.clientKey}"/>
            </endpoint>
        </call>
        <property name="messageType" value="application/json" scope="axis2"/>
    </sequence>
</template>