<?xml version="1.0" encoding="UTF-8"?>
<!--
  Copyright (c) 2005-2014, WSO2 Inc. (http://www.wso2.org) All Rights Reserved.

  WSO2 Inc. licenses this file to you under the Apache License,
  Version 2.0 (the "License"); you may not use this file except
  in compliance with the License.
  You may obtain a copy of the License at

    http://www.apache.org/licenses/LICENSE-2.0

  Unless required by applicable law or agreed to in writing,
  software distributed under the License is distributed on an
  "AS IS" BASIS, WITHOUT WARRANTIES OR CONDITIONS OF ANY
  KIND, either express or implied.  See the License for the
  specific language governing permissions and limitations
  under the License.-->

<component name="soundcloud_users" type="synapse/template">

    <subComponents>
        <component name="getUser">
            <file>getUser.xml</file>
            <description>Get a user</description>
        </component>
        <component name="getUserComments">
            <file>getUserComments.xml</file>
            <description>Get User comments</description>
        </component>
        <component name="getUserFavorites">
            <file>getUserFavorites.xml</file>
            <description>Get User favorites</description>
        </component>
        <component name="getUserFollowers">
            <file>getUserFollowers.xml</file>
            <description>Get User followers</description>
        </component>
        <component name="getUserFollowings">
            <file>getUserFollowings.xml</file>
            <description>Get User Followings</description>
        </component>
        <component name="getUserGroups">
            <file>getUserGroups.xml</file>
            <description>Get User groups</description>
        </component>
        <component name="getUserPlaylists">
            <file>getUserPlaylists.xml</file>
            <description>Get User playlists</description>
        </component>
        <component name="getUserTracks">
            <file>getUserTracks.xml</file>
            <description>Get User tracks</description>
        </component>
        <component name="getUserWebProfile">
            <file>getUserWebProfile.xml</file>
            <description>Get User web profile</description>
        </component>
        <component name="searchUsers">
            <file>searchUsers.xml</file>
            <description>Search for users</description>
        </component>

    </subComponents>
</component>
