<?xml version="1.0" encoding="UTF-8"?>
<template name="retrieve" xmlns="http://ws.apache.org/ns/synapse">
	<parameter name="fieldList" />
	<parameter name="objectType" />
	<parameter name="objectIDS" />
	<sequence>
		<property expression="get-property('operation','salesforce.serviceUrl')"
			name="uri.var.salesforce.url" />
		<payloadFactory>
			<format>
				<soapenv:Envelope xmlns:soapenv="http://schemas.xmlsoap.org/soap/envelope/"
					xmlns:urn="urn:partner.soap.sforce.com">
					<soapenv:Header>
						<urn:SessionHeader>
							<urn:sessionId>$1</urn:sessionId>
						</urn:SessionHeader>
					</soapenv:Header>
					<soapenv:Body>
						<urn:retrieve>
							<urn:fieldList>$2</urn:fieldList>
							<urn:sObjectType>$3</urn:sObjectType>
						</urn:retrieve>
					</soapenv:Body>
				</soapenv:Envelope>
			</format>
			<args>
				<arg expression="get-property('operation','salesforce.sessionId')" />
				<arg expression="$func:fieldList" />
				<arg expression="$func:objectType" />
			</args>
		</payloadFactory>
		<class name="org.wso2.carbon.connector.salesforce.SetupRetriveSobjects" />
		<enrich>
			<source clone="true" type="body" />
			<target property="MSG_PAYLOAD" type="property" />
		</enrich>

		<property name="messageType" scope="axis2" value="text/xml" />
		<header name="Action" value="urn:partner.soap.sforce.com/Soap/retrieveRequest" />

		<!--<call>
			<endpoint>
				<http method="POST" uri-template="{uri.var.salesforce.url}">
					<timeout>
						<duration>60000</duration>
						<responseAction>fault</responseAction>
					</timeout>
					<suspendOnFailure>
						<initialDuration>2000</initialDuration>
						<progressionFactor>1.0</progressionFactor>
						<maximumDuration>3000</maximumDuration>
					</suspendOnFailure>
				</http>
			</endpoint>
		</call> -->
		<property value="true" name="FORCE_ERROR_ON_SOAP_FAULT" />
		 <property name="HTTP_METHOD" scope="axis2" value="POST" />
		<header name="To" expression="$ctx:uri.var.salesforce.url" />
		<call>
			<endpoint>
				<default format="soap11">
					<timeout>
						<duration>60000</duration>
						<responseAction>fault</responseAction>
					</timeout>
					<suspendOnFailure>
						<initialDuration>2000</initialDuration>
						<progressionFactor>1.0</progressionFactor>
						<maximumDuration>3000</maximumDuration>
					</suspendOnFailure>
				</default>
			</endpoint>
		</call>
		
	</sequence>
</template>
