<?xml version="1.0" encoding="UTF-8"?>
<template name="setPassword" xmlns="http://ws.apache.org/ns/synapse">
	<parameter name="username" />
	<parameter name="password" />
	<sequence>
		<property expression="get-property('operation','salesforce.serviceUrl')"
			name="uri.var.salesforce.url" />
		<payloadFactory>
			<format>
				<soapenv:Envelope xmlns:soapenv="http://schemas.xmlsoap.org/soap/envelope/"
					xmlns:urn="urn:partner.soap.sforce.com">
					<soapenv:Header>
						<urn:SessionHeader>
							<urn:sessionId>$1</urn:sessionId>
						</urn:SessionHeader>
					</soapenv:Header>
					<soapenv:Body>
						<urn:setPassword>
							<urn:userId>$2</urn:userId>
							<urn:password>$3</urn:password>
						</urn:setPassword>
					</soapenv:Body>
				</soapenv:Envelope>
			</format>
			<args>
				<arg expression="get-property('operation','salesforce.sessionId')" />
				<arg expression="$func:username" />
				<arg expression="$func:password" />
			</args>
		</payloadFactory>


		<property name="messageType" scope="axis2" value="text/xml" />
		<header name="Action"
			value="urn:partner.soap.sforce.com/Soap/setPasswordRequest" />



		<!-- <call>
			<endpoint>
				<http method="POST" uri-template="{uri.var.salesforce.url}">
					<timeout>
						<duration>60000</duration>
						<responseAction>fault</responseAction>
					</timeout>
					<suspendOnFailure>
						<initialDuration>2000</initialDuration>
						<progressionFactor>1.0</progressionFactor>
						<maximumDuration>3000</maximumDuration>
					</suspendOnFailure>
				</http>
			</endpoint>
		</call> -->
		<property value="true" name="FORCE_ERROR_ON_SOAP_FAULT" />
		 <property name="HTTP_METHOD" scope="axis2" value="POST" />
		<header name="To" expression="$ctx:uri.var.salesforce.url" />
		<call>
			<endpoint>
				<default format="soap11">
					<timeout>
						<duration>60000</duration>
						<responseAction>fault</responseAction>
					</timeout>
					<suspendOnFailure>
						<initialDuration>2000</initialDuration>
						<progressionFactor>1.0</progressionFactor>
						<maximumDuration>3000</maximumDuration>
					</suspendOnFailure>
				</default>
			</endpoint>
		</call>
		
	</sequence>
</template>
