<?xml version="1.0" encoding="UTF-8"?>
<component name="paypal_payments" type="synapse/template">
  <subComponents>
    <component name="createPayment">
      <file>createPayment.xml</file>
      <description>Create a payment.</description>
    </component>
    <component name="executeApprovedPayPal">
      <file>executeApprovedPayPal.xml</file>
      <description>Execute a PayPal payment that has been approved by the payer.</description>
    </component>
    <component name="lookupPaymentResource">
      <file>lookupPaymentResource.xml</file>
      <description>Get details about payments that have not completed.</description>
    </component>
    <component name="listPaymentResources">
      <file>listPaymentResources.xml</file>
      <description>Get a list of payments.</description>
    </component>
  </subComponents>
</component>