<?xml version="1.0" encoding="UTF-8"?>
        <!--
  ~  Licensed to the Apache Software Foundation (ASF) under one
  ~  or more contributor license agreements.  See the NOTICE file
  ~  distributed with this work for additional information
  ~  regarding copyright ownership.  The ASF licenses this file
  ~  to you under the Apache License, Version 2.0 (the
  ~  "License"); you may not use this file except in compliance
  ~  with the License.  You may obtain a copy of the License at
  ~
  ~   http://www.apache.org/licenses/LICENSE-2.0
  ~
  ~  Unless required by applicable law or agreed to in writing,
  ~  software distributed under the License is distributed on an
  ~   * "AS IS" BASIS, WITHOUT WARRANTIES OR CONDITIONS OF ANY
  ~  KIND, either express or implied.  See the License for the
  ~  specific language governing permissions and limitations
  ~  under the License.
  -->

<!-- Splitter eip library function template shipped with the Apache Synapse -->
<template xmlns="http://ws.apache.org/ns/synapse" name="getHomeTimeline">
	<parameter name="consumerKey"/>
	<parameter name="consumerSecret"/>
	<parameter name="accessToken"/>
	<parameter name="accessTokenSecret"/>
	<parameter name="count"/>
	<parameter name="page"/>
	<parameter name="sinceId"/>
	<parameter name="maxId"/>

	<sequence>
		<class name="org.wso2.carbon.connector.twitter.TwitterHomeTimeLine" />
	</sequence>
</template>