<template xmlns="http://ws.apache.org/ns/synapse" name="createWorksheet">
	<parameter name="worksheetName"/>	
	<parameter name="spreadsheetName"/>	
	<parameter name="worksheetRows"/>
	<parameter name="worksheetColumns"/>
	<sequence>
		<log level="custom">
			<property name="FLW" value="GoogleSpreadsheet : Create Worksheet"/>
			<property name="worksheetName" expression="$func:worksheetName"/>
			<property name="spreadsheetName" expression="$func:spreadsheetName"/>
			<property name="worksheetRows" expression="$func:worksheetRows"/>
			<property name="worksheetColumns" expression="$func:worksheetColumns"/>
		</log>
		<class
			name="org.wso2.carbon.connector.googlespreadsheet.GoogleSpreadsheetCreateWorksheet" />
	</sequence>
</template>	
