<template xmlns="http://ws.apache.org/ns/synapse" name="createSpreadsheet">
	<parameter name="spreadsheetName"/>	
	<parameter name="worksheetCount"/>
	<sequence>
		<log level="custom">
			<property name="FLW" value="GoogleSpreadsheet : Create Spreadsheet"/>
			<property name="spreadsheetName" expression="$func:spreadsheetName"/>
			<property name="worksheetCount" expression="$func:worksheetCount"/>
		</log>
		<class
			name="org.wso2.carbon.connector.googlespreadsheet.GoogleSpreadsheetCreateSpreadsheet" />
	</sequence>
</template>	
