<template xmlns="http://ws.apache.org/ns/synapse" name="deleteWorksheet">
	<parameter name="worksheetName"/>	
	<parameter name="spreadsheetName"/>	
	<sequence>
		<log level="custom">
			<property name="FLW" value="GoogleSpreadsheet : Delete Worksheet"/>
			<property name="worksheetName" expression="$func:worksheetName"/>
			<property name="spreadsheetName" expression="$func:spreadsheetName"/>		
		</log>
		<class
			name="org.wso2.carbon.connector.googlespreadsheet.GoogleSpreadsheetDeleteWorksheet" />
	</sequence>
</template>	