<template xmlns="http://ws.apache.org/ns/synapse" name="getCellRangeCSV">	
	<parameter name="spreadsheetName"/>	
	<parameter name="worksheetName"/>
	<parameter name="minRow" />
	<parameter name="maxRow" />
	<parameter name="minColumn" />
	<parameter name="maxColumn" />
	<sequence>
		<log level="custom">
			<property name="FLW" value="GoogleSpreadsheet : Get Cell Range as CSV"/>			
			<property name="worksheetName" expression="$func:worksheetName"/>
			<property name="spreadsheetName" expression="$func:spreadsheetName"/>	
			<property name="minRow" expression="$func:minRow"/>
			<property name="maxRow" expression="$func:maxRow"/>
			<property name="minColumn" expression="$func:minColumn"/>
			<property name="maxColumn" expression="$func:maxColumn"/>
		</log>
		<class
			name="org.wso2.carbon.connector.googlespreadsheet.GoogleSpreadsheetGetCellRangeCSV" />
	</sequence>
</template>	