<template xmlns="http://ws.apache.org/ns/synapse" name="getWorksheetsByTitle">
    <parameter name="spreadsheetName"/>
    <parameter name="title"/>
    <sequence>
        <log level="custom">
            <property name="FLW" value="GoogleSpreadsheet : Get Worksheets by Title"/>
            <property name="spreadsheetName" expression="$func:spreadsheetName"/>
            <property name="title" expression="$func:title"/>
        </log>
        <class
                name="org.wso2.carbon.connector.googlespreadsheet.GoogleSpreadsheetGetWorksheetsByTitle" />
    </sequence>
</template>