<template xmlns="http://ws.apache.org/ns/synapse" name="searchCell">
	<parameter name="spreadsheetName"/>	
	<parameter name="worksheetName"/>
	<parameter name="searchString" />
	<sequence>
		<log level="custom">
			<property name="FLW" value="GoogleSpreadsheet : Search Cell"/>
			<property name="worksheetName" expression="$func:worksheetName"/>
			<property name="spreadsheetName" expression="$func:spreadsheetName"/>	
			<property name="searchString" expression="$func:searchString"/>
		</log>
		<class
			name="org.wso2.carbon.connector.googlespreadsheet.GoogleSpreadsheetSearchCell" />
	</sequence>
</template>	