<?xml version="1.0" encoding="UTF-8"?>
<!--
  Copyright (c) 2005-2014, WSO2 Inc. (http://www.wso2.org) All Rights Reserved.

  WSO2 Inc. licenses this file to you under the Apache License,
  Version 2.0 (the "License"); you may not use this file except
  in compliance with the License.
  You may obtain a copy of the License at

    http://www.apache.org/licenses/LICENSE-2.0

  Unless required by applicable law or agreed to in writing,
  software distributed under the License is distributed on an
  "AS IS" BASIS, WITHOUT WARRANTIES OR CONDITIONS OF ANY
  KIND, either express or implied.  See the License for the
  specific language governing permissions and limitations
  under the License.-->


<component name="soundcloud_activities" type="synapse/template">
	<subComponents>
		<component name="getActivities">
			<file>getActivities.xml</file>
			<description>Get Activities</description>
		</component>
        <component name="getActivitiesTracksAffiliated">
            <file>getActivitiesTracksAffiliated.xml</file>
            <description>Get Tracks Affiliated</description>
        </component>
        <component name="getActivitiesTracksExclusive">
            <file>getActivitiesTracksExclusive.xml</file>
            <description>Get Tracks Exclusive</description>
        </component>
        <component name="getAllActivities">
            <file>getAllActivities.xml</file>
            <description>Get All Activities</description>
        </component>
        <component name="getAllOwnActivities">
            <file>getAllOwnActivities.xml</file>
            <description>Get All Own Activities</description>
        </component>
	</subComponents>
</component>
