<?xml version="1.0" encoding="UTF-8"?>
<component name="jira_project" type="synapse/template">

	<subComponents>
		<component name="getProject">
			<file>getProject.xml</file>
			<description>Get Jira Project information.</description>
		</component>
		<component name="getAvatarsForProject">
			<file>getAvatarsForProject.xml</file>
			<description>returns all avatars which are visible for the currently
				logged in user. The avatars are grouped into system and custom.
			</description>
		</component>
		<component name="deleteAvatarForProject">
			<file>deleteAvatarForProject.xml</file>
			<description>Deletes avatar
			</description>
		</component>

		<component name="getComponentsOfProject">
			<file>getComponentsOfProject.xml</file>
			<description>Contains a full representation of a the specified
				project's components.
			</description>
		</component>
		<component name="getStatusesOfProject">
			<file>getStatusesOfProject.xml</file>
			<description>Get all issue types with valid status values for a
				project.
			</description>
		</component>
		<component name="getVersionsOfProject">
			<file>getVersionsOfProject.xml</file>
			<description>Contains a full representation of a the specified
				project's versions.
			</description>
		</component>
		<component name="getRolesOfProject">
			<file>getRolesOfProject.xml</file>
			<description>Contains a list of roles in this project with links to
				full details.
			</description>
		</component>
		<component name="getRolesByIdOfProject">
			<file>getRolesByIdOfProject.xml</file>
			<description>Details on a given project role.
			</description>
		</component>
                <component name="setActorsToRoleOfProject">
			<file>setActorsToRoleOfProject.xml</file>
			<description>Set actors to a given project role.
			</description>
		</component>
		<component name="getUserAssignableProjects">
			<file>getUserAssignableProjects.xml</file>
			<description>Returns a list of users that match the search string and
				can be assigned issues for all the given projects. This resource
				cannot be accessed anonymously.
			</description>
		</component>
	</subComponents>
</component>
