<template xmlns="http://ws.apache.org/ns/synapse" name="getComponentsOfProject">
	<parameter name="projectKey"
		description="a String containing of the unique key for a project" />
	<parameter name="avatarId" description="id of the avator" />

	<sequence>
		<property name="uri.var.projectKey" expression="$func:projectKey" />
		<property name="messageType" value="application/json" scope="axis2" />
		<payloadFactory media-type="xml">
			<format>
				<soapenv:Envelope xmlns:soapenv="http://schemas.xmlsoap.org/soap/envelope/">
					<soapenv:Header />
					<soapenv:Body />
				</soapenv:Envelope>
			</format>
			<args />
		</payloadFactory>
		<property name="messageType" value="application/json" scope="axis2" />
		<call>
			<endpoint>
				<http method="get"
					uri-template="{uri.var.jira.url}/rest/api/2/project/{uri.var.projectKey}/components" />
			</endpoint>
		</call>
	</sequence>
</template>
