<template xmlns="http://ws.apache.org/ns/synapse" name="getUserAssignableProjects">
	<parameter name="username"
		description="the username of the user for whom we require details" />
	<parameter name="projectKey"
		description="a String containing of the unique key for a project" />
	<parameter name="maxResult" description="maxium results to be shown" />
	<parameter name="startFrom" description="starts from" />

	<sequence>
		<property name="uri.var.username" expression="$func:username" />
		<property name="uri.var.projectKey" expression="$func:projectKey" />
		<property name="uri.var.jira.jqlQuery" expression="$func:query" />
		<property name="uri.var.jira.max.result" expression="$func:maxResult" />
		<property name="uri.var.jira.start.from" expression="$func:startFrom" />

		<property name="Accept-Encoding" action="remove" scope="transport" />

		<log level="custom">
			<property name="uri.var.jira.max.result" expression="$func:maxResult" />
			<property name="uri.var.jira.start.from" expression="$func:startFrom" />
		</log>

		<filter
			xpath="get-property('uri.var.jira.max.result') = '' or  (not(string(get-property('uri.var.jira.max.result'))))">
			<then>
				<property name="uri.var.jira.max.result" value="50" />
			</then>
		</filter>

		<filter
			xpath="get-property('uri.var.jira.start.from') = '' or  (not(string(get-property('uri.var.jira.start.from'))))">
			<then>
				<property name="uri.var.jira.start.from" value="0" />
			</then>
		</filter>
		<payloadFactory media-type="xml">
			<format>
				<soapenv:Envelope xmlns:soapenv="http://schemas.xmlsoap.org/soap/envelope/">
					<soapenv:Header />
					<soapenv:Body />
				</soapenv:Envelope>
			</format>
			<args />
		</payloadFactory>
		<property name="messageType" value="application/json" scope="axis2" />
		<call>
			<endpoint>
				<http method="get"
					uri-template="{uri.var.jira.url}/rest/api/2/user/assignable/multiProjectSearch?username={uri.var.username}&amp;projectKeys={uri.var.projectKey}&amp;startAt={uri.var.jira.start.from}&amp;maxResults={uri.var.jira.max.result}" />
			</endpoint>
		</call>

	</sequence>
</template>
