<template xmlns="http://ws.apache.org/ns/synapse" name="setActorsToRoleOfProject">
	<parameter name="projectKey"
		description="a String containing of the unique key for a project" />
        <parameter name="roleId" description="role id for the given project" />

	<sequence>
		 <property name="uri.var.projectKey" expression="$func:projectKey" />
                 <property name="uri.var.roleId" expression="$func:roleId" />
		 <property name="messageType" value="application/json" scope="axis2" />
        	 <call>
			<endpoint>
				<http method="PUT" uri-template="{uri.var.jira.url}/rest/api/2/project/{uri.var.projectKey}/role/{uri.var.roleId}" />
			</endpoint>
		</call>
	</sequence>
</template>
