<template name="createCase" xmlns="http://ws.apache.org/ns/synapse">
	
  	<parameter name="userName" description="The username"/>
  	<parameter name="password" description="The md5 hashed password"/>
  	<parameter name="name" description="The case name"/>
  	
  	<sequence>
  		
	    <property name="uri.var.userName" expression="$func:userName"/>
	    <property name="uri.var.password" expression="$func:password"/>
	    <property name="uri.var.name" expression="$func:name"/>
    	
	    <payloadFactory media-type="xml">
	    	
	      	<format>
	        	<sug:create_case xmlns:sug="http://www.sugarcrm.com/sugarcrm">
	          		<sug:user_name>$1</sug:user_name>
	          		<sug:password>$2</sug:password>
	          		<sug:name>$3</sug:name>
	        	</sug:create_case>
	      	</format>
	      	
	      	<args>
	      		<arg expression="get-property('uri.var.userName')"/>
	      		<arg expression="get-property('uri.var.password')"/>
	      		<arg expression="get-property('uri.var.name')"/>
	      	</args>
	      	
	    </payloadFactory>
    	
	    <header name="To" expression="get-property('uri.var.sugarCRMurl')"/>
	    
	    <call>
			<endpoint>
				<default format="soap11"/>
			</endpoint>
		</call>
    	
  	</sequence>
  
</template>