<?xml version="1.0" encoding="UTF-8"?>
<component name="googledrive_comment" type="synapse/template">
  <subComponents>
    <component name="insertComment">
      <file>insertComment.xml</file>
      <description>Creates a new comment on the given file</description>
    </component>
    <component name="getCommentByID">
      <file>getCommentByID.xml</file>
      <description>Gets a comment by ID</description>
    </component>
    <component name="deleteComment">
      <file>deleteComment.xml</file>
      <description>Deletes a comment</description>
    </component>
  </subComponents>
</component>