<template name="insertPermissionToFile" xmlns="http://ws.apache.org/ns/synapse">
	<!-- Mandatory parameters -->
	<parameter name="fileId" description="The ID for the file" />
	<parameter name="role" description="The primary role for this user" />
	<parameter name="type" description="The account type" />
	<parameter name="value"
		description="The email address or domain name for the entity" />

	<!-- Optional Parameters -->
	<parameter name="emailMessage"
		description="A custom message to include in notification emails" />
	<parameter name="sendNotificationEmails"
		description="Whether to send notification emails when sharing to users or groups" />

	<sequence>
		<log>
			<property name="fileId" expression="$func:fileId" />
			<property name="emailMessage" expression="$func:emailMessage" />
			<property name="sendNotificationEmails" expression="$func:sendNotificationEmails" />
			<property name="role" expression="$func:role" />
			<property name="type" expression="$func:type" />
			<property name="value" expression="$func:value" />
		</log>
		<class
			name="org.wso2.carbon.connector.googledrive.GoogledriveInsertPermissionToFile" />
	</sequence>
</template>