<?xml version="1.0" encoding="UTF-8"?>
<connector>
    <component name="sugarcrm-connector-1.0.0" package="org.wso2.carbon.connector" >
        <description>Sugar CRM connector libraries</description>
		<dependency component="sugarcrm_account"/>
		<dependency component="sugarcrm_case"/>
		<dependency component="sugarcrm_config"/>
		<dependency component="sugarcrm_contact"/>
		<dependency component="sugarcrm_document"/>
		<dependency component="sugarcrm_entry"/>
		<dependency component="sugarcrm_lead"/>
		<dependency component="sugarcrm_module"/>
		<dependency component="sugarcrm_note"/>
		<dependency component="sugarcrm_opportunity"/>
		<dependency component="sugarcrm_relationship"/>
    </component>
</connector>
