<?xml version="1.0" encoding="UTF-8"?>
        <template name="init" xmlns="http://ws.apache.org/ns/synapse" >
            <parameter description="URL of the foursquare API" name="apiUrl"/>
            <parameter description="Access token for access backend services" name="accessToken"/>
            <sequence>
                <property expression="$func:accessToken" name="uri.var.foursquare.accessToken" scope="default" type="STRING"/>
                <property name="uri.var.foursquare.apiUrl" expression="$func:uri" scope="default" type="STRING"/>

                <filter regex="false" source="boolean(get-property('uri.var.apiUrl'))">
                    <then>
                        <property name="uri.var.foursquare.apiUrl" value="https://api.foursquare.com" scope="default" type="STRING"/>
                    </then>
                </filter>
            </sequence>
    </template>