<template name="reAuthorizePayment" xmlns="http://ws.apache.org/ns/synapse">
  <!-- Required parameters -->
  <parameter name="authorizationId" description="The authorization id"/>
  <parameter name="amount" description="Total amount charged from the payer to the payee"/>
  <parameter name="currency" description="Currency code for the amount"/>
  <parameter name="authorization" description="Authorization header value"/>
  <sequence>
    <property name="uri.var.authorizationId" expression="$func:authorizationId"/>
    <property name="uri.var.amount" expression="$func:amount"/>
    <property name="uri.var.currency" expression="$func:currency"/>
    <payloadFactory media-type="json">
      <format>
        {
  			"amount":{
    			"total":"$1",
		    	"currency":"$2"
		 	}
		}
      </format>
      <args>
          <arg expression="get-property('uri.var.amount')"/>
          <arg expression="get-property('uri.var.currency')"/>
      </args>
    </payloadFactory>
    <property name="messageType" value="application/json" scope="axis2"/>
    <property xmlns:ns2="http://org.apache.synapse/xsd" xmlns:ns="http://org.apache.synapse/xsd" 
     	xmlns:soapenv="http://www.w3.org/2003/05/soap-envelope" name="Authorization" expression="$func:authorization"
     	scope="transport" type="STRING"/>
    <call>
      <endpoint>
        <http method="post" uri-template="{uri.var.paypalUrl}/v1//payments/authorization/{uri.var.authorizationId}/reauthorize"/>
      </endpoint>
    </call>
  </sequence>
</template>