<template name="voidAuthorization" xmlns="http://ws.apache.org/ns/synapse">
  <!-- Required parameters -->
  <parameter name="authorizationId" description="The authorization id"/>
  <parameter name="authorization" description="Authorization header value"/>
  <sequence>
    <property name="uri.var.authorizationId" expression="$func:authorizationId"/>
    <payloadFactory media-type="json">
    	<format>
			{
				"bypassJson":"true"
			}
		</format>
    </payloadFactory>
    <property name="messageType" value="application/json" scope="axis2"/>
    <property xmlns:ns2="http://org.apache.synapse/xsd" xmlns:ns="http://org.apache.synapse/xsd" 
     	xmlns:soapenv="http://www.w3.org/2003/05/soap-envelope" name="Authorization" expression="$func:authorization"
     	scope="transport" type="STRING"/>
    <call>
      <endpoint>
        <http method="post" uri-template="{uri.var.paypalUrl}/v1/payments/authorization/{uri.var.authorizationId}/void"/>
      </endpoint>
    </call>
  </sequence>
</template>