<?xml version="1.0" encoding="UTF-8"?>
<component name="sugarcrm_entry" type="synapse/template">
  <subComponents>
    <component name="getMultipleEntriesByIDs">
      <file>getMultipleEntriesByIDs.xml</file>
      <description>Retrieves a list of beans based on specified record IDs.</description>
    </component>
    <component name="getEntryByID">
      <file>getEntryByID.xml</file>
      <description>Retrieves a single bean based on record ID.</description>
    </component>
    <component name="getEntryList">
      <file>getEntryList.xml</file>
      <description>Retrieves a list of beans based on query specifications.</description>
    </component>
    <component name="setEntryList">
      <file>setEntryList.xml</file>
      <description>Create or update a list of records.</description>
    </component>
    <component name="setEntry">
      <file>setEntry.xml</file>
      <description>Creates or updates a specific record.</description>
    </component>
  </subComponents>
</component>