<template xmlns="http://ws.apache.org/ns/synapse" name="getEntryList">

   <parameter name="session" description="Session ID returned by a previous login call"/>
   <parameter name="moduleName" description="The name of the module from which to retrieve records"/>
   <parameter name="query" description="The SQL WHERE clause without the word (where)"/>
   <parameter name="orderby" description="The SQL ORDER BY clause without the phrase (order by)"/>
   <parameter name="offset" description="The record offset from which to start"/>
   <parameter name="selectFields" description="The list of fields to be returned in the results. Specifying an empty array will return all fields"/>
   <parameter name="maxResults" description="The maximum number of results to return"/>
   <parameter name="deleted" description="If deleted records should be included in the results"/>
   <parameter name="favorites" description="If only records marked as favorites should be returned"/>
   
   <sequence>
   
      <property name="uri.var.session" expression="$func:session"/>
      <property name="uri.var.moduleName" expression="$func:moduleName"/>
      <property name="uri.var.query" expression="$func:query"/>
      <property name="uri.var.orderby" expression="$func:orderby"/>
      <property name="uri.var.offset" expression="$func:offset"/>
      
      <property name="uri.var.selectFields" expression="$func:selectFields"/>
      
      <property name="uri.var.maxResults" expression="$func:maxResults"/>
      <property name="uri.var.deleted" expression="$func:deleted"/>
      <property name="uri.var.favorites" expression="$func:favorites"/>
      
      <payloadFactory>
      
         <format>        
            <soapenv:Envelope xmlns:soapenv="http://schemas.xmlsoap.org/soap/envelope/"
            	xmlns:sug="http://www.sugarcrm.com/sugarcrm"
            	xmlns:xsd="http://www.w3.org/2001/XMLSchema"
            	xmlns:soapenc="http://schemas.xmlsoap.org/soap/encoding/">
            	
                <soapenv:Header/>
                <soapenv:Body>
                   <sug:get_entry_list>
                      <sug:session>$1</sug:session>
                      <sug:module_name>$2</sug:module_name>
                      <sug:query>$3</sug:query>
                      <sug:orderby>$4</sug:orderby>
                      <sug:offset>$5</sug:offset>
                      <sug:select_fields soapenc:arrayType="xsd:string[1]"></sug:select_fields>
                      <max_results>$6</max_results>
                      <sug:deleted>$7</sug:deleted>
                      <sug:favorites>$8</sug:favorites>                                             
                   </sug:get_entry_list>  
                </soapenv:Body>
                
             </soapenv:Envelope>
          </format>
       
          <args>
             <arg expression="get-property('uri.var.session')"/>
         	 <arg expression="get-property('uri.var.moduleName')"/>
	         <arg expression="get-property('uri.var.query')"/>
	         <arg expression="get-property('uri.var.orderby')"/>
	         <arg expression="get-property('uri.var.offset')"/>
	         <arg expression="get-property('uri.var.maxResults')"/>
	         <arg expression="get-property('uri.var.deleted')"/>
	         <arg expression="get-property('uri.var.favorites')"/>
      	  </args>
      
      </payloadFactory>
      
      <class name="org.wso2.carbon.connector.sugarcrm.operation.GetEntryList" />
     
      <enrich>
		 <source clone="true" type="body" />
		 <target property="MSG_PAYLOAD" type="property" />
   	  </enrich>
		
	  <!-- <property name="messageType" scope="axis2" value="text/xml" />-->
	  
	  <header name="To" expression="get-property('uri.var.sugarCRMurl')"/>
     
       <call>
	
		<endpoint>
			<default format="soap11"/>
		</endpoint>
		
	  </call>
	
	   
   </sequence>
   
</template>
