<?xml version="1.0" encoding="UTF-8"?>
<component name="sugarcrm_account" type="synapse/template">
  <subComponents>
    <component name="createAccount">
      <file>createAccount.xml</file>
      <description>Create account.</description>
    </component>
    <component name="createSession">
      <file>createSession.xml</file>
      <description>Create session.</description>
    </component>    
    <component name="Login">
      <file>Login.xml</file>
      <description>Logs a user into the SugarCRM application.</description>
    </component>
    <component name="Logout">
      <file>Logout.xml</file>
      <description>Logs a user out of the SugarCRM application.</description>
    </component>
  </subComponents>
</component>