<template name="createAccount" xmlns="http://ws.apache.org/ns/synapse">

  <parameter name="user_name" description="Name of the user"/>
  <parameter name="password" description="The md5 hashed password of teh user"/>
  <parameter name="name" description="Name of the account"/>
  <parameter name="phone" description="Phone number"/>
  <parameter name="website" description="Web Site"/>

  <sequence>
  
    <property name="uri.var.user_name" expression="$func:user_name"/>
    <property name="uri.var.password" expression="$func:password"/>
    <property name="uri.var.name" expression="$func:name"/>
    <property name="uri.var.phone" expression="$func:phone"/>
    <property name="uri.var.website" expression="$func:website"/>
  
    <payloadFactory>
	
	  <format>
   	
   		 <sug:create_account xmlns:sug="http://www.sugarcrm.com/sugarcrm">
            <user_name>$1</user_name>
            <password>$2</password>
            <name>$3</name>
            <phone>$4</phone>
            <website>$5</website>
	      </sug:create_account>
	  </format>
	  
	  <args>
          <arg expression="get-property('uri.var.user_name')"/>
          <arg expression="get-property('uri.var.password')"/>
          <arg expression="get-property('uri.var.name')"/>
          <arg expression="get-property('uri.var.phone')"/>
          <arg expression="get-property('uri.var.website')"/>
      </args>
      
    </payloadFactory>
    
    <header name="To" expression="get-property('uri.var.sugarCRMurl')"/>
    
    <call>
		<endpoint>
			<default format="soap11"/>
		</endpoint>
	</call>
	
  </sequence>
  
</template>