<template name="createSession" xmlns="http://ws.apache.org/ns/synapse">

  <parameter name="user_name" description="User Name"/>
  <parameter name="password" description="The md5 hashed password of teh user"/>

  <sequence>
  
    <property name="uri.var.user_name" expression="$func:user_name"/>
    <property name="uri.var.password" expression="$func:password"/>
    
    <payloadFactory>
	
	  <format>
   	
   		 <sug:create_session xmlns:sug="http://www.sugarcrm.com/sugarcrm">
            <user_name>$1</user_name>
            <password>$2</password>
	      </sug:create_session>
	
	  </format>
	
	  <args>
          <arg expression="get-property('uri.var.user_name')"/>
          <arg expression="get-property('uri.var.password')"/>
      </args>
    
    </payloadFactory>
    
    <header name="To" expression="get-property('uri.var.sugarCRMurl')"/>
    
    <call>
		<endpoint>
			<default format="soap11"/>
		</endpoint>
	</call>
	
  </sequence>
  
</template>