<template name="init" xmlns="http://ws.apache.org/ns/synapse">
	<parameter name="useServiceAccount" description="Whether or not to use a service account." />
	<parameter name="serviceAccountEmail" description="Service account e-mail address" />
	<parameter name="serviceAccountPKCSContent" description="Base64-encoded contents of certificate P12 file" />
	<parameter name="clientId" description="Client ID if a client account is being used" />
	<parameter name="clientSecret"
		description="Client secret if a client account is being used" />
	<parameter name="accessToken"
		description="Access Token if a client account is being used" />
	<parameter name="refreshToken"
		description="Refresh Token if a client account is being used" />
	<sequence class="sequence">
		<log>
		    <property name="useServiceAccount" expression="$func:useServiceAccount" />
			<property name="serviceAccountEmail" expression="$func:serviceAccountEmail" />
			<property name="serviceAccountPKCSContent" expression="$func:serviceAccountPKCSContent" />
			<property name="clientId" expression="$func:clientId" />
			<property name="clientSecret" expression="$func:clientSecret" />
			<property name="accessToken" expression="$func:accessToken" />
			<property name="refreshToken" expression="$func:refreshToken" />
		</log>
	</sequence>
</template>
