<template xmlns="http://ws.apache.org/ns/synapse" name="getGroup">

	<parameter name="groupName" description="a String containing the name of the group." />

	<sequence>
		<property name="uri.var.groupName" expression="$func:groupName" />
		<property name="Accept-Encoding" action="remove" scope="transport" />
		<payloadFactory media-type="xml">
			<format>
				<soapenv:Envelope xmlns:soapenv="http://schemas.xmlsoap.org/soap/envelope/">
					<soapenv:Header />
					<soapenv:Body />
				</soapenv:Envelope>
			</format>
			<args />
		</payloadFactory>
		<property name="messageType" value="application/json" scope="axis2" />

		<call>
			<endpoint>
				<http method="GET"
					uri-template="{uri.var.jira.url}/rest/api/2/group?groupname={uri.var.groupName}" />
			</endpoint>
		</call>

	</sequence>

</template>