<?xml version="1.0" encoding="UTF-8"?>
<component name="fourSq_checkins" type="synapse/template">

    <subComponents>
        <component name="addCheckins">
            <file>addCheckins.xml</file>
            <description>Adding a checkin</description>
        </component>
        <component name="getCheckinDetails">
            <file>getCheckinDetails.xml</file>
            <description>Get checkin details by checkin ID</description>
        </component>
        <component name="addCheckinComment">
            <file>addCheckinComment.xml</file>
            <description>Comment on a check-in</description>
        </component>
        <component name="deleteCheckinComment">
            <file>deleteCheckinComment.xml</file>
            <description>Delete a comment on a check-in</description>
        </component>
        <component name="getCheckinRecent">
            <file>getCheckinRecent.xml</file>
            <description>Get recent checkins of the user</description>
        </component>
    </subComponents>
</component>