<?xml version="1.0" encoding="UTF-8"?>
<template xmlns="http://ws.apache.org/ns/synapse" name="deleteCheckinComment">

    <parameter name="checkinId" description="ID of the check-in"/>
    <parameter name="commentId" description="ID of the comment"/>


    <sequence>
        <property name="HTTP_METHOD" value="POST" scope="axis2" type="STRING"/>
        <property name="uri.var.checkinId" expression="$func:checkinId" scope="default" type="STRING" />
        <property name="Accept-Encoding" scope="transport" action="remove"/>
        <property name="messageType" value="application/json" scope="axis2" type="STRING"/>
       <!-- <property name="uri.var.accessToken" expression="$func:accessToken" scope="transport" type="STRING"/>-->
        <property name="uri.var.commentId" expression="$func:commentId" scope="default" type="STRING" />

        <payloadFactory media-type="json">
            <format>
                <soapenv:Envelope xmlns:soapenv="http://schemas.xmlsoap.org/soap/envelope/">
                    <soapenv:Header/>
                    <soapenv:Body/>
                </soapenv:Envelope>
            </format>
            <args/>
        </payloadFactory>
        <property name="messageType" value="application/json" scope="axis2" />
        <call>
            <endpoint>
                <http method="POST"
                      uri-template="{uri.var.foursquare.apiUrl}/v2/checkins/{uri.var.checkinId}/deletecomment?v=20140626&amp;commentId={uri.var.commentId}&amp;oauth_token={uri.var.foursquare.accessToken}" />
            </endpoint>
        </call>

    </sequence>



    <!-- https://api.foursquare.com/v2/checkins/sefgdh/deletecomment?v=20131016&commentId=dsfds-->
</template>