<?xml version="1.0" encoding="UTF-8"?>
<template xmlns="http://ws.apache.org/ns/synapse" name="getCheckinDetails">
    <parameter name="checkinId"/>


    <!--optional parameters -->
    <parameter name="signature" description="When checkins are sent to public feeds such as Twitter, foursquare appends a signature"/>


    <sequence>

        <property name="uri.var.signature" expression="$func:signature" />
        <property name="HTTP_METHOD" value="GET" scope="axis2" type="STRING"/>
        <property name="uri.var.checkinId" expression="$func:checkinId" scope="default" type="STRING"/>
        <property name="Accept-Encoding" scope="transport" action="remove"/>
        <property name="messageType" value="application/json" scope="axis2" type="STRING"/>

        <!-- <property name="uri.var.accessToken" expression="$func:accessToken" scope="transport" type="STRING"/>-->

        <property name="parameters" expression="fn:concat(get-property('uri.var.checkinId'),'?v=20140626')" />


        <!--Adding optional parameters.-->
        <!--//https://api.foursquare.com/v2/checkins/4d627f6814963704dc28ff94?signature=LPtzP4edmpbaspdKhI9-892UoFM&oauth_token=BAGX0Q33OBCBEVPOHSWYC13RV2MYQQNDZKUUWTADTXHOZ52K&v=20140627-->

        <filter
            xpath="get-property('uri.var.signature') = '' or not(string(get-property('uri.var.signature')))">
           <then>
               <property name="uri.var.signature" value=""/>
           </then>
            <else>
               <property name="parameters" expression="fn:concat(get-property('parameters'),'&amp;signature=',get-property('uri.var.signature'))"/>
           </else>
            </filter>
        <payloadFactory media-type="xml">
            <format>
                <soapenv:Envelope xmlns:soapenv="http://schemas.xmlsoap.org/soap/envelope/">
                    <soapenv:Header/>
                    <soapenv:Body>

                    </soapenv:Body>
                </soapenv:Envelope>
            </format>
            <args/>
        </payloadFactory>
        <property name="messageType" value="application/json" scope="axis2" />
        <property name="uri.var.parameters" expression="get-property('parameters')"/>
        <call>
            <endpoint>
                <http method="GET"

                uri-template="{uri.var.foursquare.apiUrl}/v2/checkins/{uri.var.parameters}&amp;oauth_token={uri.var.foursquare.accessToken}"/>
            </endpoint>
        </call>
    </sequence>
</template>
