<!--
  Copyright (c) 2005-2014, WSO2 Inc. (http://www.wso2.org) All Rights Reserved.

  WSO2 Inc. licenses this file to you under the Apache License,
  Version 2.0 (the "License"); you may not use this file except
  in compliance with the License.
  You may obtain a copy of the License at

    http://www.apache.org/licenses/LICENSE-2.0

  Unless required by applicable law or agreed to in writing,
  software distributed under the License is distributed on an
  "AS IS" BASIS, WITHOUT WARRANTIES OR CONDITIONS OF ANY
  KIND, either express or implied.  See the License for the
  specific language governing permissions and limitations
  under the License.-->

<template xmlns="http://ws.apache.org/ns/synapse" name="init">

	<parameter name="clientKey" description="Client Key" />
	<parameter name="clientSecret" description="Client Secret" />
	<parameter name="token" description="Token" />
    <parameter name="urlHttp" description="HTTP URL for the API" />
    <parameter name="urlHttps" description="HTTPS URL for the API" />
    <parameter name="format" description="Format of the expected result" />
    <parameter name="redirectUrl" description="Re Direct URL specified in the account" />
    <parameter name="urlSite" description="soundcloud.com URL" />

	<sequence>
		<property name="uri.var.soundcloud.clientKey" expression="$func:clientKey" />
		<property name="uri.var.soundcloud.clientSecret" expression="$func:clientSecret" />
        <property name="uri.var.soundcloud.token" expression="$func:token" />
        <property name="uri.var.soundcloud.urlHttp" expression="$func:urlHttp" />
        <property name="uri.var.soundcloud.urlHttps" expression="$func:urlHttps" />
        <property name="uri.var.soundcloud.format" expression="$func:format" />
        <property name="uri.var.soundcloud.redirectUrl" expression="$func:redirectUrl" />
        <property name="uri.var.soundcloud.urlSite" expression="$func:urlSite" />
	</sequence>
</template>
