<?xml version="1.0" encoding="UTF-8"?>
<component name="googledrive_children" type="synapse/template">
  <subComponents>
    <component name="getChild">
      <file>getChild.xml</file>
      <description>Gets a specific child reference</description>
    </component>
    <component name="insertFileToFolder">
      <file>insertFileToFolder.xml</file>
      <description>Inserts a file into a folder</description>
    </component>
    <component name="listFolders">
      <file>listFolders.xml</file>
      <description>Lists a folder's children</description>
    </component>
  </subComponents>
</component>