<template name="listFolders" xmlns="http://ws.apache.org/ns/synapse">
	<parameter name="folderId" description="The ID of the Folder" />
	<parameter name="maxResults" description="Maximum number of files to return" />
	<parameter name="pageToken" description="Page token for files" />
	<parameter name="q" description="Query string for searching files" />
	<sequence>
		<log>
		    <property name="folderId" expression="$func:folderId" />
			<property name="maxResults" expression="$func:maxResults" />
			<property name="pageToken" expression="$func:pageToken" />
			<property name="q" expression="$func:q" />
		</log>
		<class name="org.wso2.carbon.connector.googledrive.GoogledriveListFolders" />
	</sequence>
</template>